size, avg, 10percentile, 90percentile
256, 2.5356875, 2.4015, 2.6835
512, 2.978641025641026, 2.7409999999999997, 3.2348000000000003
1024, 4.0040666666666676, 3.1254, 4.4986
